Time,PosX,PosY,PosZ
0.0,-7661.608475600432,-6611.618507006096,501.9210030674168
0.052,-7663.851196970095,-6573.638692296251,501.8948585038068
0.121,-7667.0,-6523.0,502.0
0.341,-7677.0,-6360.0,503.0
0.412,-7678.776624608095,-6307.21687490172,503.11494786360475
0.581,-7679.0,-6181.0,503.0
0.652,-7677.204345877068,-6127.4391916613,502.9774824981548
0.841,-7668.0,-5984.0,503.0
1.052,-7654.526159896455,-5824.767989763929,503.0087833704843
1.081,-7653.0,-5803.0,503.0
1.121,-7651.0,-5773.0,503.0
1.301,-7635.0,-5638.0,505.0
1.332,-7631.815914235201,-5615.563852830393,505.8872007027316
1.531,-7610.269707369416,-5479.174454398558,513.69333533354
1.542,-7609.0,-5472.0,514.0
1.741,-7585.0,-5349.0,517.0
1.851,-7572.009966098887,-5287.205933880855,519.0231532414737
1.961,-7559.0,-5229.0,521.0
2.091,-7543.046257396452,-5163.611598177821,522.2837219875265
2.251,-7523.4735356892115,-5089.72849436904,522.886683184155
2.281,-7520.0,-5077.0,523.0
2.411,-7505.426232747373,-5024.974726734816,523.6615436244331
2.44,-7502.0,-5013.0,524.0
2.571,-7485.507865267823,-4956.49457309255,526.4978103631228
2.601,-7482.0,-4945.0,527.0
2.78,-7464.0,-4891.0,529.0
2.811,-7460.811292108183,-4881.879535317357,529.5295366874274
2.971,-7442.969126938691,-4832.7180395015475,533.2085230728196
3.02,-7437.0,-4818.0,534.0
3.28,-7402.0,-4747.0,535.0
3.331,-7394.892741484481,-4735.140424595773,535.3579834792034
3.501,-7364.0,-4699.0,537.0
3.691,-7296.211945549876,-4658.907483363581,537.6797780535098
3.761,-7274.0,-4648.0,538.0
4.051,-7219.343694360542,-4629.566378634959,540.8769094183469
4.061,-7217.0,-4629.0,541.0
4.211,-7172.8924060521695,-4618.682890265606,542.9670700004883
4.281,-7149.0,-4614.0,544.0
4.501,-7070.0,-4603.0,548.0
4.531,-7059.9637023410505,-4601.821843861964,548.6987742031419
4.691,-7006.764567166557,-4596.161517580774,553.1014014304377
4.72,-6995.0,-4595.0,554.0
4.891,-6909.8051335184655,-4586.978481838256,559.7783040952539
4.961,-6876.0,-4584.0,562.0
5.131,-6806.145239724316,-4578.341077906245,566.7148810567521
5.141,-6802.0,-4578.0,567.0
5.3,-6733.0,-4572.0,572.0
5.56,-6614.0,-4559.0,583.0
5.611,-6584.351443090354,-4554.9732872305985,585.5098646396202
5.781,-6478.0,-4539.0,594.0
5.811,-6461.363762008782,-4536.264533092363,595.3364894461538
6.011,-6370.022212576573,-4519.152769159269,602.8928773993662
6.141,-6314.0,-4507.0,608.0
6.332,-6224.43792274351,-4486.067514568191,616.6078114634296
6.341,-6220.0,-4485.0,617.0
6.521,-6122.0,-4461.0,625.0
6.612,-6056.530643544729,-4444.786185283381,630.5828627600848
6.841,-5884.0,-4402.0,646.0
6.972,-5831.830569682664,-4389.2760594679385,650.9119641224053
7.101,-5790.0,-4379.0,655.0
7.332,-5667.6192923733215,-4347.830759191647,666.6510198054199
7.401,-5610.0,-4333.0,672.0
7.612,-5388.715902880683,-4275.974286532768,692.2916630943125
7.621,-5381.0,-4274.0,693.0
7.852,-5272.840905309262,-4247.090992465768,703.0570430603831
8.012,-5232.9024027107835,-4240.360944933092,706.9001380335327
8.082,-5200.0,-4235.0,710.0
8.261,-5082.0,-4217.0,721.0
8.421,-4973.0,-4206.0,731.0
8.451,-4950.891796095063,-4204.178792948516,733.0557345337969
8.602,-4836.0,-4195.0,744.0
8.651,-4802.690041373587,-4191.747645810649,747.3251854031971
8.841,-4687.0,-4175.0,759.0
9.091,-4516.930063177674,-4127.616060544809,773.4653297210641
9.141,-4478.0,-4112.0,777.0
9.251,-4386.054486978353,-4069.356256087598,785.8870215205667
9.32,-4333.0,-4043.0,791.0
9.611,-4189.29057832673,-3967.423980667947,802.6358536357943
9.741,-4099.0,-3926.0,810.0
9.811,-4032.809391704866,-3897.52219345768,815.6994033462214
9.92,-3926.0,-3853.0,825.0
10.091,-3820.817099850815,-3811.770610949056,833.7693228574431
10.341,-3690.0,-3780.0,842.0
10.371,-3663.7271927736324,-3774.686546665578,843.5218828879091
10.561,-3473.0,-3739.0,854.0
10.771,-3340.7937884926127,-3720.9718942782356,858.9130000504304
10.861,-3287.0,-3715.0,860.0
10.971,-3209.9210853155932,-3706.079153204582,861.2262239277692
11.101,-3112.0,-3694.0,862.0
11.171,-3061.013400870477,-3687.2034963234605,861.8379629469412
11.321,-2946.0,-3666.0,861.0
11.571,-2721.2285817037764,-3595.2212367293714,861.9560618345322
11.581,-2715.0,-3593.0,862.0
11.881,-2631.0,-3551.0,863.0
11.971,-2597.5187225157615,-3528.626231979092,863.5526360044039
12.211,-2482.0447316815453,-3444.5861157785366,864.9908252019628
12.221,-2478.0,-3441.0,865.0
12.281,-2455.0,-3419.0,865.0
12.451,-2385.405131103982,-3334.8447662240983,865.9175213256527
12.601,-2335.0,-3262.0,867.0
12.731,-2312.020751222721,-3220.3503854635587,867.4590655700193
12.881,-2297.0,-3174.0,868.0
12.932,-2291.261819118315,-3152.259459760153,868.3430133366713
13.161,-2268.0,-3048.0,870.0
13.172,-2267.4737713186128,-3045.017607170325,870.01885531081
13.301,-2265.0,-3019.0,870.0
13.412,-2264.2339055877246,-2979.6049865724203,870.6113944822383
13.612,-2266.098952434313,-2875.397750284746,872.6975116738924
13.661,-2268.0,-2852.0,873.0
13.892,-2285.1412503312063,-2759.5551191628383,873.1891705019528
14.042,-2301.0,-2707.0,876.0
14.221,-2324.0,-2644.0,883.0
14.252,-2329.011018733295,-2632.1536343212233,883.5673421174281
14.361,-2348.0,-2590.0,884.0
14.452,-2362.1324386665556,-2559.611322716654,884.203671189218
14.652,-2406.4849964135037,-2483.2147129084105,884.9474288851029
14.661,-2410.0,-2478.0,885.0
14.821,-2485.0,-2372.0,886.0
14.891,-2508.06820621974,-2340.3991836986247,886.1368259979209
15.051,-2529.107290362743,-2314.2472920739997,885.5860289036599
15.201,-2551.0,-2290.0,885.0
15.291,-2573.6874791102287,-2263.8453319754212,884.8228125192406
15.422,-2612.0,-2218.0,885.0
15.58,-2651.0,-2167.0,886.0
15.611,-2657.9220158690305,-2157.6207794956586,886.0973619798666
15.84,-2704.0,-2084.0,887.0
15.851,-2706.123390569625,-2079.3623744193915,887.2060479265997
16.06,-2742.0,-1981.0,893.0
16.171,-2751.2336560648005,-1945.4170205354872,894.3282334113476
16.42,-2746.0,-1881.0,894.0
16.491,-2739.078444409315,-1849.478208041462,894.3307372700698
16.7,-2708.0,-1738.0,895.0
16.771,-2695.5677545714,-1705.4610376370722,894.0979336182698
17.061,-2645.0,-1609.0,887.0
17.131,-2636.747423901423,-1594.398374709737,885.92441240061
17.291,-2622.4109327622064,-1570.3568472101833,884.4296663224603
17.401,-2603.0,-1543.0,882.0
17.531,-2565.2340050314497,-1492.6369406831502,876.8654114303182
17.731,-2494.9931468338086,-1402.6853808968847,867.3746760050528
17.741,-2492.0,-1399.0,867.0
17.891,-2453.720630702087,-1353.9198126057545,862.6354044677238
18.1,-2403.0,-1299.0,858.0
18.261,-2349.0,-1240.0,853.0
18.371,-2310.2389088748705,-1197.4261906615423,848.8069015727924
18.441,-2286.0,-1170.0,846.0
18.531,-2255.9152746489635,-1134.4273026555159,842.3896698045373
18.691,-2204.708169854438,-1069.3840631521857,835.8929108855785
18.821,-2160.0,-1008.0,830.0
18.971,-2104.4346381614055,-927.417873314256,822.4701325561125
19.001,-2094.0,-912.0,821.0
19.171,-2042.8020709972534,-835.0359332971196,813.2939837100986
19.332,-1996.801507871909,-767.0099135776602,806.3921128241076
19.341,-1994.0,-763.0,806.0
19.612,-1902.0209617305024,-636.981456083375,794.3466300124762
19.621,-1899.0,-633.0,794.0
19.821,-1835.0,-551.0,787.0
20.012,-1781.1077512017098,-484.6674311581583,780.7149209665332
20.041,-1774.0,-476.0,780.0
20.221,-1728.0,-421.0,776.0
20.292,-1696.4152857059034,-384.7163598862952,772.5121186796464
20.361,-1666.0,-350.0,769.0
20.492,-1634.2767586484185,-313.7964757225034,765.3037162556441
20.721,-1615.0,-295.0,763.0
20.732,-1613.134974858727,-293.2734747603622,762.7841419142031
20.932,-1564.1028481863584,-248.5526723448719,757.2047255297709
21.021,-1543.0,-231.0,755.0
21.132,-1522.2614291272191,-216.3665719677247,753.1330824366353
21.292,-1498.6619605386968,-206.4024673148004,751.6799868561336
21.361,-1486.0,-203.0,751.0
21.492,-1457.4053813525484,-197.62757138465514,749.4476142157476
21.521,-1451.0,-197.0,749.0
21.741,-1402.0,-203.0,744.0
21.811,-1382.3547917674969,-210.76947666578948,741.7870657148553
22.011,-1324.1387299592463,-241.71162531661878,735.2340012913121
22.021,-1322.0,-243.0,735.0
22.331,-1289.8802601048035,-271.69421616554456,731.665082284157
22.38,-1285.0,-278.0,731.0
22.541,-1265.0,-305.0,728.0
22.611,-1257.118914348207,-318.14693455729724,726.7973962096145
22.88,-1234.0,-374.0,723.0
22.931,-1230.3725682399515,-385.4997543745595,722.2620072407767
23.131,-1217.6187718045092,-432.62010445127567,719.1666734205844
23.141,-1217.0,-435.0,719.0
23.301,-1207.0,-474.0,716.0
23.331,-1205.0070541469543,-481.9127901699468,715.2852699388422
23.421,-1199.0,-506.0,713.0
23.641,-1183.0,-566.0,708.0
23.691,-1176.1488640518712,-587.9573852478495,706.3093663107126
23.881,-1145.0,-683.0,699.0
23.891,-1143.835345954638,-686.5328098727043,698.7122440144519
24.171,-1126.0577345298202,-735.0905666860946,694.1651108692109
24.221,-1119.0,-751.0,693.0
24.331,-1095.5951154643346,-803.1853051119224,689.482494806131
24.481,-1059.0,-883.0,684.0
24.731,-1025.3036848555282,-946.8867248493187,677.7167464826188
24.821,-1013.0,-966.0,676.0
24.891,-1001.5548778980362,-983.1236767225096,674.7921958167933
25.001,-982.0,-1011.0,673.0
25.131,-960.2889859857587,-1038.7631065144255,670.7836188974413
25.281,-936.0,-1065.0,668.0
25.411,-914.3691720612287,-1084.1096080371115,665.3081418986302
25.541,-893.0,-1100.0,663.0
25.651,-875.7522360948235,-1111.0442817987164,661.8492931460212
25.761,-857.0,-1120.0,661.0
25.891,-830.0154417448871,-1128.0318612825013,659.8274579924023
26.001,-809.0,-1132.0,659.0
26.172,-788.3304960038099,-1131.9701091936374,658.4336960421349
26.26,-779.0,-1129.0,658.0
26.492,-751.8797802463629,-1111.8962879802395,656.0342996113392
26.501,-751.0,-1111.0,656.0
26.741,-735.0,-1082.0,656.0
26.772,-733.8698322288631,-1077.8003677234276,655.7943991828465
26.921,-731.0,-1057.0,654.0
27.052,-731.2004338921786,-1039.2209685730822,652.1218978185918
27.161,-733.0,-1024.0,650.0
27.362,-739.0,-995.0,645.0
27.452,-741.5650249146565,-984.9458714851976,644.1801021238556
27.501,-743.0,-980.0,644.0
27.652,-748.0377891812035,-965.7776690331494,643.9643070900484
27.841,-759.0,-943.0,643.0
27.852,-759.9351897859007,-941.2098572984205,642.8290535381078
28.012,-776.3808441082359,-910.918619670518,639.1916160304307
28.081,-782.0,-901.0,638.0
28.292,-789.5855003434551,-890.0129823667194,637.280825901601
28.341,-792.0,-887.0,637.0
28.571,-812.6719927655317,-860.356129358049,633.6499157235896
28.621,-818.0,-854.0,633.0
28.731,-829.9741586303268,-840.7183050119538,631.9838428665887
28.801,-838.0,-832.0,631.0
28.96,-858.0,-810.0,627.0
29.011,-865.0746711035727,-802.4825964732586,625.7665636437162
29.211,-894.9682137056245,-772.0303220325623,621.8321136353733
29.26,-902.0,-765.0,621.0
29.371,-917.1154030631176,-750.0185177993361,619.2650545284177
29.48,-938.0,-727.0,617.0
29.611,-977.2592844525184,-679.6935164005257,612.8426795067885
29.641,-985.0,-670.0,612.0
29.771,-1005.7500581908495,-641.8987672183791,609.5330216305802
30.0,-1014.0,-616.0,608.0
30.051,-1016.5436072242964,-606.4136905072116,607.6749812419297
30.3,-1029.0,-546.0,606.0
30.331,-1029.3429206626545,-538.8659889714327,605.7794476543355
30.461,-1026.0,-508.0,604.0
30.491,-1023.6518707113289,-499.3538770506982,603.0437094514298
30.701,-995.0,-431.0,593.0
30.931,-962.7694221191744,-388.7390487951951,589.0671295090737
31.091,-940.2327683473432,-372.16009797708244,588.4777017963503
31.14,-933.0,-367.0,588.0
31.291,-909.735611621247,-350.8544616405748,585.6515221896452
31.541,-870.0,-325.0,580.0
31.611,-859.2418070676699,-318.4908806725627,578.3864874579778
31.811,-813.9335067869303,-294.86320125555653,573.3040126248202
31.821,-810.0,-293.0,573.0
31.98,-736.0,-259.0,568.0
32.011,-725.6718893904739,-254.32237761496077,567.2758347216792
32.301,-687.0,-239.0,564.0
32.411,-654.0631522072338,-227.13235427211157,562.2642627024613
32.641,-566.0,-196.0,558.0
32.732,-543.7092424937621,-189.0247754860603,556.7780621174409
32.881,-510.0,-182.0,555.0
33.052,-443.4199754807605,-174.20144370687774,552.3774071520029
33.221,-382.0,-169.0,550.0
33.332,-362.5800590325878,-168.24134381739088,549.0117138821508
33.492,-346.38100556278266,-174.2416461789438,548.0543521450439
33.501,-345.0,-175.0,548.0
33.812,-274.2378071279828,-223.57640710895672,546.1868570249602
33.861,-265.0,-232.0,546.0
34.132,-237.87402086493736,-274.55011667630714,545.5965266696577
34.281,-228.0,-301.0,545.0
34.452,-214.68862941973262,-336.84762861023967,543.9856094754224
34.462,-214.0,-339.0,544.0
34.601,-206.0,-369.0,545.0
34.652,-203.54539371377066,-380.1120170554783,545.2037999002654
34.812,-197.0541105532994,-416.05509385825076,545.0291368711138
34.841,-196.0,-423.0,545.0
35.002,-191.0,-461.0,545.0
35.051,-190.0278311766017,-469.22209646089794,545.0066313141369
35.211,-188.64879752704016,-485.15399923849225,545.0035661889443
35.301,-188.0,-500.0,545.0
35.451,-186.49190463570386,-541.1552369150259,544.9998334556908
35.5,-186.0,-556.0,545.0
35.66,-185.0,-604.0,545.0
35.731,-185.47596669349062,-625.9152931287019,545.0017796933977
35.881,-188.0,-674.0,545.0
36.06,-192.0,-735.0,545.0
36.131,-194.2596484792808,-760.6440897776403,545.0634164773476
36.28,-200.0,-816.0,545.0
36.441,-207.0,-879.0,544.0
36.451,-207.52118827005006,-883.6970756496586,543.9406390972214
36.721,-224.0,-1033.0,543.0
36.731,-224.5209265248859,-1037.6370855387763,542.9856969010898
36.971,-234.12523151486442,-1120.6024241171833,542.9858781302113
37.06,-238.0,-1155.0,543.0
37.891,-295.40310284741133,-1664.1299985404705,542.0040923169712
37.901,-296.0,-1668.0,542.0
38.091,-306.80704477985677,-1725.1953189749804,541.9948593079729
38.181,-315.0,-1760.0,542.0
38.371,-342.63883386100093,-1870.4852511729546,541.9865555958336
38.421,-351.0,-1901.0,542.0
38.561,-376.0,-1984.0,542.0
38.571,-377.9911167365913,-1990.242831504588,541.9797182219053
38.771,-422.58441346326816,-2122.7507625179414,541.0842207991203
38.801,-429.0,-2141.0,541.0
39.001,-469.0,-2250.0,541.0
39.092,-489.5834562131345,-2304.404684418734,541.0103863271102
39.181,-511.0,-2360.0,541.0
39.252,-528.4184989346182,-2404.2522171747687,540.9954695102198
39.521,-598.0,-2572.0,541.0
39.601,-620.0,-2622.0,541.0
39.732,-653.9762474694771,-2699.2173114384263,540.9608703006563
39.801,-678.0,-2747.0,541.0
39.932,-744.423115327839,-2863.353993572512,541.2893890610544
40.162,-875.0,-3073.0,542.0
40.372,-924.7500695474887,-3145.9525180073124,542.0845788109973
40.541,-1000.0,-3212.0,542.0
40.652,-1100.6724972705767,-3296.065996860914,541.97577319685
40.742,-1179.0,-3360.0,542.0
40.812,-1220.8035184610196,-3392.723636600882,542.0592194911152
41.052,-1300.4890528976089,-3436.606166650974,542.107542203462
41.081,-1318.0,-3445.0,542.0
41.252,-1471.7528829257928,-3519.4717707668724,540.7735143255957
41.381,-1602.0,-3583.0,540.0
41.452,-1666.3358868359041,-3614.5247011165184,539.8711208796311
41.732,-1865.9686446387293,-3713.1522113974715,540.8310686439079
41.802,-1900.0,-3730.0,541.0
41.931,-1945.2500872889107,-3752.379554129375,541.085447476219
42.101,-2010.0,-3785.0,541.0
42.171,-2054.765545610594,-3807.854840189464,541.0023721927384
42.26,-2120.0,-3841.0,541.0
42.371,-2200.560963082972,-3881.0789665655634,540.9141555868046
42.5,-2286.0,-3923.0,541.0
42.531,-2303.9594385401833,-3931.815324773409,541.1056258015368
42.721,-2411.0,-3983.0,542.0
42.851,-2516.094719775662,-4029.6558812548114,541.9759103827256
42.881,-2540.0,-4040.0,542.0
43.051,-2656.8396434940623,-4088.578387089688,542.749554802039
43.181,-2744.0,-4122.0,543.0
43.38,-2893.0,-4175.0,542.0
43.411,-2914.8520309936516,-4182.341621651708,541.942901868693
43.571,-3034.2281697129515,-4218.416402481212,541.2110883370905
43.581,-3044.0,-4221.0,541.0
43.821,-3335.0,-4289.0,531.0
43.851,-3364.766130257739,-4295.140633132315,529.8390254804119
44.051,-3493.5873465122268,-4315.664932030914,524.3335015451523
44.22,-3560.0,-4322.0,521.0
44.491,-3654.1627209970934,-4332.253169581874,515.9028379148929
44.581,-3690.0,-4336.0,514.0
44.691,-3739.879799660794,-4340.929911719379,511.42741704020347
44.841,-3811.0,-4348.0,508.0
44.891,-3832.9895248732632,-4350.356132459528,507.047925502689
45.061,-3907.0,-4359.0,504.0
45.091,-3921.6073340322323,-4360.80889806714,503.3401922014789
45.241,-3994.0,-4370.0,500.0
45.291,-4011.4496616775973,-4372.200560144266,499.32589326037964
45.491,-4045.653502739603,-4377.082338520872,498.94061242972145
45.621,-4071.0,-4387.0,498.0
45.652,-4079.249075695587,-4390.703082092487,497.54904596312304
45.841,-4136.0,-4419.0,494.0
46.012,-4159.503038929357,-4436.0259303419325,493.0235451293827
46.212,-4173.833174818399,-4463.872637748682,493.0378915397923
46.221,-4175.0,-4466.0,493.0
46.481,-4220.0,-4545.0,491.0
46.492,-4221.597052595766,-4547.685342386719,490.92867168502175
46.692,-4241.130401203078,-4578.010636253234,490.1596037157057
46.892,-4255.9344685560945,-4593.86821515509,490.00840722482366
46.921,-4259.0,-4597.0,490.0
47.052,-4276.526788541864,-4613.348428658205,489.9983590409519
47.081,-4282.0,-4617.0,490.0
47.212,-4315.802860882156,-4632.541975253043,490.00186569571355
47.341,-4349.0,-4644.0,490.0
47.532,-4371.835894334857,-4649.811625608662,489.9997672188821
47.701,-4388.0,-4650.0,490.0
47.732,-4392.572531624336,-4650.090147399293,489.9998978873663
47.892,-4423.042014335014,-4650.54542581706,489.9991518329833
47.961,-4437.0,-4650.0,490.0
48.132,-4471.026584976588,-4645.987111362783,490.0023883309066
48.161,-4477.0,-4645.0,490.0
48.362,-4521.0,-4636.0,490.0
48.492,-4551.482060933179,-4628.242287042021,490.1218783075482
48.56,-4568.0,-4624.0,490.0
48.691,-4600.91474285582,-4616.002870545589,489.18333091761366
48.76,-4619.0,-4612.0,489.0
48.941,-4669.0,-4603.0,490.0
49.011,-4688.973069812857,-4600.873660609891,490.24560597317543
49.221,-4755.0,-4600.0,490.0
49.371,-4814.431729996373,-4604.748799212399,489.24396188398094
49.441,-4843.0,-4608.0,489.0
49.62,-4920.0,-4619.0,489.0
49.771,-5015.752905108369,-4633.5084660706725,489.022312579985
49.86,-5065.0,-4641.0,489.0
50.16,-5145.0,-4653.0,489.0
50.251,-5180.084032481005,-4658.061456479964,489.2398721939716
50.46,-5286.0,-4673.0,490.0
51.291,-5726.6359868204445,-4726.879393537076,489.0794912713684
51.341,-5755.0,-4730.0,489.0
51.571,-5889.242146601591,-4744.348078161953,488.79308953598957
51.661,-5944.0,-4750.0,489.0
51.811,-6040.000098499315,-4759.576071371184,489.79256270640866
51.861,-6077.0,-4763.0,490.0
52.011,-6205.767106067298,-4774.009651828421,490.1520780781577
52.081,-6256.0,-4778.0,490.0
52.171,-6300.147193445515,-4781.15520140253,489.60674828331616
52.321,-6353.0,-4784.0,489.0
52.372,-6377.394051017508,-4785.304391295623,489.02794858288394
52.581,-6498.0,-4793.0,490.0
52.652,-6534.988454506362,-4796.66492994061,490.33885334680406
52.861,-6630.0,-4812.0,491.0
52.972,-6676.365426087758,-4824.7241108178105,490.99540780348474
52.981,-6680.0,-4826.0,491.0
53.161,-6749.0,-4860.0,491.0
53.212,-6767.641076670374,-4872.1555994518985,490.5863837825955
53.421,-6840.0,-4931.0,488.0
53.492,-6862.814164929472,-4952.9609065602135,487.9059802321835
53.581,-6891.0,-4983.0,488.0
53.652,-6914.019167724816,-5010.198816657679,487.7644781586644
53.762,-6948.0,-5054.0,487.0
53.812,-6961.310965308659,-5072.345501508123,486.5769294634709
53.981,-6999.0,-5129.0,485.0
54.012,-7005.526850539855,-5139.168150542054,484.7415773069502
54.252,-7055.741616676375,-5224.757303405871,483.226717834234
54.342,-7079.0,-5277.0,483.0
54.452,-7112.008357406937,-5360.854212910596,483.0077374617522
54.521,-7130.0,-5409.0,483.0
54.612,-7146.1137421236135,-5454.145383166677,482.83084676929866
54.862,-7166.0,-5541.0,482.0
54.892,-7169.303508912342,-5559.308846592685,481.95698879048894
55.141,-7201.0,-5748.0,482.0
55.172,-7203.607080243227,-5765.411600122669,482.00873989006203
55.481,-7214.0,-5874.0,482.0
55.611,-7218.6955533986065,-5941.0246088725935,481.9909452982736
55.701,-7220.0,-6002.0,482.0
55.811,-7217.111546966695,-6094.675205096126,482.0390364456972
55.981,-7202.0,-6242.0,482.0
56.051,-7191.559379750528,-6287.0416622628,481.8712665061124
56.331,-7128.714515252545,-6394.917429370817,481.042639160484
56.36,-7121.0,-6404.0,481.0
56.571,-7059.234451815112,-6465.640667702072,481.0509667835009
56.771,-6994.8109509312835,-6559.450892717937,481.06607695084415
56.801,-6985.0,-6581.0,481.0
56.931,-6942.1000739761585,-6696.6984593001125,480.50815035778334
57.041,-6913.0,-6785.0,480.0
57.211,-6892.606295974498,-6846.45544080575,479.31458429371304
57.341,-6876.0,-6909.0,479.0
57.371,-6869.956993933999,-6932.943686543888,478.96579328076723
57.571,-6819.035188746331,-7141.352316658512,478.99688547318436
57.581,-6817.0,-7150.0,479.0
57.731,-6796.348193858898,-7243.249020617535,479.02294042581866
57.971,-6786.936271402519,-7313.731787431166,479.00221738229016
58.021,-6784.0,-7336.0,479.0
58.171,-6772.565697218759,-7420.646547424114,478.9996046089225
58.221,-6769.0,-7449.0,479.0
58.411,-6759.133440446776,-7543.611368293039,479.00006039457026
58.461,-6757.0,-7567.0,479.0
58.611,-6751.126141991752,-7635.83034217811,479.00001954431633
58.681,-6749.0,-7666.0,479.0
58.852,-6746.112758812025,-7735.588033977997,478.99987872920786
58.881,-6746.0,-7749.0,479.0
59.092,-6750.425740509602,-7859.835798915337,479.0002741770483
59.101,-6751.0,-7864.0,479.0
59.372,-6785.753646886902,-7949.708416031,478.9801709521096
59.521,-6813.0,-7983.0,479.0
59.612,-6830.9777587855615,-8003.038850344316,479.0325000105919
59.932,-6889.188548035113,-8082.4199818138495,479.04306889170573
59.961,-6892.0,-8092.0,479.0
60.172,-6897.463002865156,-8175.769679598756,478.4210105368753
60.361,-6892.0,-8245.0,478.0
60.412,-6890.611246680606,-8258.813747682258,477.97460448070245
60.612,-6885.052806071394,-8296.713999042164,478.13995341888324
60.721,-6880.0,-8322.0,478.0
60.852,-6871.273888059348,-8362.756644056237,477.45991910859897
60.941,-6864.0,-8393.0,477.0
61.172,-6841.099855716346,-8471.462771925868,476.0161587627721
61.182,-6840.0,-8475.0,476.0
61.341,-6821.0,-8533.0,476.0
61.412,-6810.959942603203,-8559.158869786517,475.9465614706164
61.521,-6794.0,-8600.0,476.0
61.681,-6767.0,-8663.0,477.0
61.732,-6757.452597791252,-8683.362183152101,477.3198589204733
61.88,-6727.0,-8743.0,478.0
61.892,-6724.369462319362,-8747.88937175349,478.0315509746919
62.12,-6670.0,-8841.0,478.0
62.171,-6656.761972691477,-8861.113166885267,477.87191331780275
62.371,-6602.218715838854,-8936.466882843099,477.13528228661306
62.42,-6589.0,-8954.0,477.0
62.64,-6513.0,-9042.0,477.0
62.651,-6506.307854567137,-9048.42571208443,477.05249663011125
62.801,-6398.0,-9146.0,478.0
63.051,-6335.7690305593815,-9193.667770394064,476.9008254454698
63.22,-6278.0,-9220.0,477.0
63.251,-6258.464533671476,-9230.129993062123,477.2913002198374
63.381,-6165.0,-9280.0,479.0
63.571,-6105.281580766879,-9312.127205052891,480.3358844266072
63.78,-6085.0,-9325.0,481.0
63.811,-6078.82081266488,-9328.936111036188,481.1354471415772
63.971,-6037.147892760934,-9355.757409420132,481.88278510956616
64.021,-6025.0,-9364.0,482.0
64.221,-5985.0,-9398.0,482.0
64.251,-5978.737570319457,-9405.731384465,482.07076848782265
64.441,-5940.0,-9465.0,483.0
64.451,-5938.524067019528,-9467.602927940514,483.04917039681936
64.731,-5925.687838593878,-9508.552144583538,484.1673811876359
64.921,-5930.0,-9537.0,485.0
65.091,-5934.585551948849,-9577.633373505187,485.9433257925642
65.101,-5935.0,-9580.0,486.0
65.331,-5950.41113416434,-9627.623085373052,487.27550682537543
65.501,-5963.0,-9653.0,488.0
65.572,-5967.354476495072,-9660.840765834424,488.21102335988377
65.821,-5985.0,-9682.0,489.0
65.932,-6000.120435695502,-9694.24664418108,489.8142009392396
66.092,-6027.518342075479,-9713.546217702942,491.37625439441035
66.161,-6038.0,-9720.0,492.0
66.412,-6069.708608041293,-9733.496108676658,494.014590534012
66.501,-6086.0,-9738.0,495.0
66.692,-6136.083053699868,-9750.342038080664,497.8721402829632
66.781,-6158.0,-9755.0,499.0
66.932,-6185.405403554976,-9759.180912648659,500.0941384170902
67.081,-6208.0,-9761.0,501.0
67.212,-6230.38193942827,-9762.556637836606,502.331596037602
67.361,-6262.0,-9765.0,504.0
67.412,-6275.233877705582,-9766.198849051554,504.48381605029033
67.561,-6319.0,-9770.0,506.0
67.612,-6334.561598380255,-9770.948595441023,506.76818727840316
67.772,-6383.56575751072,-9772.770266655845,509.6093416525291
67.801,-6392.0,-9773.0,510.0
68.002,-6452.0,-9773.0,512.0
68.201,-6534.0,-9767.0,516.0
68.212,-6537.428766805665,-9766.704592777454,516.1892551529612
68.521,-6587.0,-9759.0,519.0
68.572,-6598.679893293443,-9756.003022146413,519.249826523294
68.821,-6670.0,-9736.0,520.0
68.931,-6690.2458895407435,-9728.875298846639,520.108874986176
69.2,-6722.0,-9702.0,519.0
69.211,-6723.746582667296,-9699.838821453493,518.8737944423403
69.371,-6753.6591640183515,-9659.019591885235,516.3479552727425
69.46,-6768.0,-9637.0,515.0
69.651,-6784.4787819706535,-9603.59103171594,513.1510853180077
69.811,-6789.3119905656085,-9581.933992812812,512.3355089073475
69.881,-6792.0,-9570.0,512.0
69.971,-6796.014516792928,-9552.394855959661,511.5849476585517
70.06,-6802.0,-9525.0,511.0
70.211,-6818.277493540515,-9447.036296145976,509.31553517175547
70.241,-6821.0,-9434.0,509.0
70.56,-6835.0,-9378.0,507.0
70.611,-6838.904216311369,-9366.063797695107,506.78784066267514
70.811,-6862.48315567276,-9297.749662900653,506.1389810489591
70.9,-6876.0,-9266.0,506.0
70.971,-6887.908600753727,-9241.751461195625,505.9649656184333
71.061,-6905.0,-9211.0,506.0
71.131,-6920.083373867158,-9186.099276092773,506.02196062377715
71.14,-6922.0,-9183.0,506.0
71.44,-6995.0,-9073.0,503.0
71.491,-7017.819126241009,-9040.190956184137,503.0810771814661
71.621,-7082.0,-8948.0,504.0
71.651,-7093.934394418807,-8930.594125872653,504.15571951984003
71.811,-7135.98777341087,-8866.88912421988,504.4633726922234
72.092,-7168.72817791674,-8799.454092951755,504.0027015265415
72.121,-7174.0,-8788.0,504.0
72.26,-7205.0,-8719.0,504.0
72.372,-7236.448246952037,-8642.788237066967,503.53607153724386
72.481,-7267.0,-8564.0,503.0
72.612,-7296.632005020692,-8480.701946847521,502.75352967638986
72.772,-7323.73174055453,-8394.252643010479,502.91555901356946
72.881,-7340.0,-8341.0,503.0
73.132,-7373.260832911452,-8230.660088808787,502.99157987148163
73.221,-7386.0,-8187.0,503.0
73.401,-7417.0,-8078.0,503.0
73.412,-7419.362834466344,-8069.592103063068,502.98248643535976
73.612,-7471.2120682776995,-7883.545717825196,502.2576523719006
73.701,-7490.0,-7815.0,502.0
73.892,-7510.328512694935,-7736.831550809433,501.94601043236753
74.021,-7523.0,-7685.0,502.0
74.172,-7546.884059679004,-7587.95346432976,501.9623540142553
74.222,-7555.0,-7553.0,502.0
74.372,-7576.784505134858,-7449.262970733377,502.38378352064996
74.561,-7599.0,-7322.0,503.0
74.572,-7600.123311463533,-7314.754782780064,503.0219335568309
74.781,-7619.0,-7170.0,503.0
74.892,-7628.969919849199,-7069.659599364046,502.4113921935573
74.98,-7636.0,-6991.0,502.0
75.092,-7642.716494094715,-6907.272599153425,501.93008803973044
75.18,-7647.0,-6847.0,502.0
75.252,-7650.25964240219,-6797.363711183445,502.01521746642123
75.361,-7655.0,-6721.0,502.0
75.525,-7662.394791759103,-6601.250457747742,501.99542648493235
